"","Protein.Gene","Peptide.Label","Peptide","Normalized.Signal","Replicate.Name","Condition","valid_pep","BiolReplicates"
"1","OPTN","OPTN ADLLGIVSELQLK","ADLLGIVSELQLK",0.122062691579353,"HBSS_pooled_PRM3","HBSS",TRUE,NA
"2","OPTN","OPTN ADLLGIVSELQLK","ADLLGIVSELQLK",0.113974608533094,"HBSS_pooled_PRM2","HBSS",TRUE,NA
"3","OPTN","OPTN ADLLGIVSELQLK","ADLLGIVSELQLK",0.128348741012187,"HBSS_pooled_PRM1","HBSS",TRUE,NA
"4","OPTN","OPTN ADLLGIVSELQLK","ADLLGIVSELQLK",0.129148880497068,"20231022_AL_HBSSbaf_pooled_PRM1","HBSS + ConA",TRUE,NA
"5","OPTN","OPTN ADLLGIVSELQLK","ADLLGIVSELQLK",0.127598843857769,"HBSSbaf_pooled_PRM4","HBSS + ConA",TRUE,NA
"6","OPTN","OPTN ADLLGIVSELQLK","ADLLGIVSELQLK",0.12321524851147,"HBSSbaf_pooled_PRM3","HBSS + ConA",TRUE,NA
"7","OPTN","OPTN ADLLGIVSELQLK","ADLLGIVSELQLK",0.129342980469856,"HBSSbaf_pooled_PRM2","HBSS + ConA",TRUE,NA
"8","OPTN","OPTN LNSSGSSEDSFVEIR","LNSSGSSEDSFVEIR",NA,"HBSS_pooled_PRM3","HBSS",FALSE,NA
"9","OPTN","OPTN LNSSGSSEDSFVEIR","LNSSGSSEDSFVEIR",NA,"HBSS_pooled_PRM2","HBSS",FALSE,NA
"10","OPTN","OPTN LNSSGSSEDSFVEIR","LNSSGSSEDSFVEIR",NA,"HBSS_pooled_PRM1","HBSS",FALSE,NA
"11","OPTN","OPTN LNSSGSSEDSFVEIR","LNSSGSSEDSFVEIR",NA,"20231022_AL_HBSSbaf_pooled_PRM1","HBSS + ConA",FALSE,NA
"12","OPTN","OPTN LNSSGSSEDSFVEIR","LNSSGSSEDSFVEIR",NA,"HBSSbaf_pooled_PRM4","HBSS + ConA",FALSE,NA
"13","OPTN","OPTN LNSSGSSEDSFVEIR","LNSSGSSEDSFVEIR",0.622859336688781,"HBSSbaf_pooled_PRM3","HBSS + ConA",TRUE,NA
"14","OPTN","OPTN LNSSGSSEDSFVEIR","LNSSGSSEDSFVEIR",0.664288414760284,"HBSSbaf_pooled_PRM2","HBSS + ConA",TRUE,NA
"15","OPTN","OPTN TSDSDQQAYLVQR","TSDSDQQAYLVQR",0.0101788560476781,"HBSS_pooled_PRM3","HBSS",TRUE,NA
"16","OPTN","OPTN TSDSDQQAYLVQR","TSDSDQQAYLVQR",0.010065709622065,"HBSS_pooled_PRM2","HBSS",TRUE,NA
"17","OPTN","OPTN TSDSDQQAYLVQR","TSDSDQQAYLVQR",0.0122507506341246,"HBSS_pooled_PRM1","HBSS",TRUE,NA
"18","OPTN","OPTN TSDSDQQAYLVQR","TSDSDQQAYLVQR",0.0127594157620185,"20231022_AL_HBSSbaf_pooled_PRM1","HBSS + ConA",TRUE,NA
"19","OPTN","OPTN TSDSDQQAYLVQR","TSDSDQQAYLVQR",0.0142697874390269,"HBSSbaf_pooled_PRM4","HBSS + ConA",TRUE,NA
"20","OPTN","OPTN TSDSDQQAYLVQR","TSDSDQQAYLVQR",0.0145845245255652,"HBSSbaf_pooled_PRM3","HBSS + ConA",TRUE,NA
"21","OPTN","OPTN TSDSDQQAYLVQR","TSDSDQQAYLVQR",0.0138355795613234,"HBSSbaf_pooled_PRM2","HBSS + ConA",TRUE,NA
"22","ATG2A","ATG2A DLADALLDTER","DLADALLDTER",0.0240398066572502,"HBSS_pooled_PRM3","HBSS",TRUE,NA
"23","ATG2A","ATG2A DLADALLDTER","DLADALLDTER",0.0243708898224688,"HBSS_pooled_PRM2","HBSS",TRUE,NA
"24","ATG2A","ATG2A DLADALLDTER","DLADALLDTER",0.0252166387810857,"HBSS_pooled_PRM1","HBSS",TRUE,NA
"25","ATG2A","ATG2A DLADALLDTER","DLADALLDTER",0.023233217145187,"20231022_AL_HBSSbaf_pooled_PRM1","HBSS + ConA",TRUE,NA
"26","ATG2A","ATG2A DLADALLDTER","DLADALLDTER",0.0275108020345004,"HBSSbaf_pooled_PRM4","HBSS + ConA",TRUE,NA
"27","ATG2A","ATG2A DLADALLDTER","DLADALLDTER",0.0267700221101212,"HBSSbaf_pooled_PRM3","HBSS + ConA",TRUE,NA
"28","ATG2A","ATG2A DLADALLDTER","DLADALLDTER",0.0272618303416675,"HBSSbaf_pooled_PRM2","HBSS + ConA",TRUE,NA
"29","ATG2A","ATG2A FTSEVPIWLDYHGK","FTSEVPIWLDYHGK",NA,"HBSS_pooled_PRM3","HBSS",FALSE,NA
"30","ATG2A","ATG2A FTSEVPIWLDYHGK","FTSEVPIWLDYHGK",NA,"HBSS_pooled_PRM2","HBSS",FALSE,NA
"31","ATG2A","ATG2A FTSEVPIWLDYHGK","FTSEVPIWLDYHGK",NA,"HBSS_pooled_PRM1","HBSS",FALSE,NA
"32","ATG2A","ATG2A FTSEVPIWLDYHGK","FTSEVPIWLDYHGK",NA,"20231022_AL_HBSSbaf_pooled_PRM1","HBSS + ConA",FALSE,NA
"33","ATG2A","ATG2A FTSEVPIWLDYHGK","FTSEVPIWLDYHGK",NA,"HBSSbaf_pooled_PRM4","HBSS + ConA",FALSE,NA
"34","ATG2A","ATG2A FTSEVPIWLDYHGK","FTSEVPIWLDYHGK",NA,"HBSSbaf_pooled_PRM3","HBSS + ConA",FALSE,NA
"35","ATG2A","ATG2A FTSEVPIWLDYHGK","FTSEVPIWLDYHGK",NA,"HBSSbaf_pooled_PRM2","HBSS + ConA",FALSE,NA
"36","ATG2A","ATG2A DLLWLPIEQYR","DLLWLPIEQYR",NA,"HBSS_pooled_PRM3","HBSS",FALSE,NA
"37","ATG2A","ATG2A DLLWLPIEQYR","DLLWLPIEQYR",NA,"HBSS_pooled_PRM2","HBSS",FALSE,NA
"38","ATG2A","ATG2A DLLWLPIEQYR","DLLWLPIEQYR",NA,"HBSS_pooled_PRM1","HBSS",FALSE,NA
"39","ATG2A","ATG2A DLLWLPIEQYR","DLLWLPIEQYR",NA,"20231022_AL_HBSSbaf_pooled_PRM1","HBSS + ConA",FALSE,NA
"40","ATG2A","ATG2A DLLWLPIEQYR","DLLWLPIEQYR",NA,"HBSSbaf_pooled_PRM4","HBSS + ConA",FALSE,NA
"41","ATG2A","ATG2A DLLWLPIEQYR","DLLWLPIEQYR",NA,"HBSSbaf_pooled_PRM3","HBSS + ConA",FALSE,NA
"42","ATG2A","ATG2A DLLWLPIEQYR","DLLWLPIEQYR",NA,"HBSSbaf_pooled_PRM2","HBSS + ConA",FALSE,NA
"43","ATG3","ATG3 ALEVAEYLTPVLK","ALEVAEYLTPVLK",0.588721786365055,"HBSS_pooled_PRM3","HBSS",TRUE,NA
"44","ATG3","ATG3 ALEVAEYLTPVLK","ALEVAEYLTPVLK",0.678625306353603,"HBSS_pooled_PRM2","HBSS",TRUE,NA
"45","ATG3","ATG3 ALEVAEYLTPVLK","ALEVAEYLTPVLK",0.629750765187039,"HBSS_pooled_PRM1","HBSS",TRUE,NA
"46","ATG3","ATG3 ALEVAEYLTPVLK","ALEVAEYLTPVLK",0.586396989717725,"20231022_AL_HBSSbaf_pooled_PRM1","HBSS + ConA",TRUE,NA
"47","ATG3","ATG3 ALEVAEYLTPVLK","ALEVAEYLTPVLK",0.637541035400352,"HBSSbaf_pooled_PRM4","HBSS + ConA",TRUE,NA
"48","ATG3","ATG3 ALEVAEYLTPVLK","ALEVAEYLTPVLK",0.602403959683495,"HBSSbaf_pooled_PRM3","HBSS + ConA",TRUE,NA
"49","ATG3","ATG3 ALEVAEYLTPVLK","ALEVAEYLTPVLK",0.619115984181061,"HBSSbaf_pooled_PRM2","HBSS + ConA",TRUE,NA
"50","ATG3","ATG3 TDAGGEDAILQTR","TDAGGEDAILQTR",0.358885010900117,"HBSS_pooled_PRM3","HBSS",TRUE,NA
"51","ATG3","ATG3 TDAGGEDAILQTR","TDAGGEDAILQTR",0.366954519629969,"HBSS_pooled_PRM2","HBSS",TRUE,NA
"52","ATG3","ATG3 TDAGGEDAILQTR","TDAGGEDAILQTR",0.368572508464804,"HBSS_pooled_PRM1","HBSS",TRUE,NA
"53","ATG3","ATG3 TDAGGEDAILQTR","TDAGGEDAILQTR",0.374393523814467,"20231022_AL_HBSSbaf_pooled_PRM1","HBSS + ConA",TRUE,NA
"54","ATG3","ATG3 TDAGGEDAILQTR","TDAGGEDAILQTR",0.361260054044836,"HBSSbaf_pooled_PRM4","HBSS + ConA",TRUE,NA
"55","ATG3","ATG3 TDAGGEDAILQTR","TDAGGEDAILQTR",0.360969498525263,"HBSSbaf_pooled_PRM3","HBSS + ConA",TRUE,NA
"56","ATG3","ATG3 TDAGGEDAILQTR","TDAGGEDAILQTR",0.377485946691226,"HBSSbaf_pooled_PRM2","HBSS + ConA",TRUE,NA
"57","ATG3","ATG3 FVQAVIPTIEYDYTR","FVQAVIPTIEYDYTR",NA,"HBSS_pooled_PRM3","HBSS",FALSE,NA
"58","ATG3","ATG3 FVQAVIPTIEYDYTR","FVQAVIPTIEYDYTR",NA,"HBSS_pooled_PRM2","HBSS",FALSE,NA
"59","ATG3","ATG3 FVQAVIPTIEYDYTR","FVQAVIPTIEYDYTR",NA,"HBSS_pooled_PRM1","HBSS",FALSE,NA
"60","ATG3","ATG3 FVQAVIPTIEYDYTR","FVQAVIPTIEYDYTR",NA,"20231022_AL_HBSSbaf_pooled_PRM1","HBSS + ConA",FALSE,NA
"61","ATG3","ATG3 FVQAVIPTIEYDYTR","FVQAVIPTIEYDYTR",NA,"HBSSbaf_pooled_PRM4","HBSS + ConA",FALSE,NA
"62","ATG3","ATG3 FVQAVIPTIEYDYTR","FVQAVIPTIEYDYTR",NA,"HBSSbaf_pooled_PRM3","HBSS + ConA",FALSE,NA
"63","ATG3","ATG3 FVQAVIPTIEYDYTR","FVQAVIPTIEYDYTR",NA,"HBSSbaf_pooled_PRM2","HBSS + ConA",FALSE,NA
"64","ATG7","ATG7 GYYYNGDSAGLPAR","GYYYNGDSAGLPAR",NA,"HBSS_pooled_PRM3","HBSS",FALSE,NA
"65","ATG7","ATG7 GYYYNGDSAGLPAR","GYYYNGDSAGLPAR",NA,"HBSS_pooled_PRM2","HBSS",FALSE,NA
"66","ATG7","ATG7 GYYYNGDSAGLPAR","GYYYNGDSAGLPAR",NA,"HBSS_pooled_PRM1","HBSS",FALSE,NA
"67","ATG7","ATG7 GYYYNGDSAGLPAR","GYYYNGDSAGLPAR",NA,"20231022_AL_HBSSbaf_pooled_PRM1","HBSS + ConA",FALSE,NA
"68","ATG7","ATG7 GYYYNGDSAGLPAR","GYYYNGDSAGLPAR",NA,"HBSSbaf_pooled_PRM4","HBSS + ConA",FALSE,NA
"69","ATG7","ATG7 GYYYNGDSAGLPAR","GYYYNGDSAGLPAR",NA,"HBSSbaf_pooled_PRM3","HBSS + ConA",FALSE,NA
"70","ATG7","ATG7 GYYYNGDSAGLPAR","GYYYNGDSAGLPAR",NA,"HBSSbaf_pooled_PRM2","HBSS + ConA",FALSE,NA
"71","ATG7","ATG7 DVAHSIIFEVK","DVAHSIIFEVK",0.083204942834587,"HBSS_pooled_PRM3","HBSS",TRUE,NA
"72","ATG7","ATG7 DVAHSIIFEVK","DVAHSIIFEVK",0.0890441074832308,"HBSS_pooled_PRM2","HBSS",TRUE,NA
"73","ATG7","ATG7 DVAHSIIFEVK","DVAHSIIFEVK",0.0868200570353676,"HBSS_pooled_PRM1","HBSS",TRUE,NA
"74","ATG7","ATG7 DVAHSIIFEVK","DVAHSIIFEVK",0.0808673988957948,"20231022_AL_HBSSbaf_pooled_PRM1","HBSS + ConA",TRUE,NA
"75","ATG7","ATG7 DVAHSIIFEVK","DVAHSIIFEVK",0.0879628283997191,"HBSSbaf_pooled_PRM4","HBSS + ConA",TRUE,NA
"76","ATG7","ATG7 DVAHSIIFEVK","DVAHSIIFEVK",0.083269669169283,"HBSSbaf_pooled_PRM3","HBSS + ConA",TRUE,NA
"77","ATG7","ATG7 DVAHSIIFEVK","DVAHSIIFEVK",0.0812731832536834,"HBSSbaf_pooled_PRM2","HBSS + ConA",TRUE,NA
"78","ATG9A","ATG9A LEASYSDSPPGEEDLLVHVAEGSK","LEASYSDSPPGEEDLLVHVAEGSK",NA,"HBSS_pooled_PRM3","HBSS",FALSE,NA
"79","ATG9A","ATG9A LEASYSDSPPGEEDLLVHVAEGSK","LEASYSDSPPGEEDLLVHVAEGSK",NA,"HBSS_pooled_PRM2","HBSS",FALSE,NA
"80","ATG9A","ATG9A LEASYSDSPPGEEDLLVHVAEGSK","LEASYSDSPPGEEDLLVHVAEGSK",NA,"HBSS_pooled_PRM1","HBSS",FALSE,NA
"81","ATG9A","ATG9A LEASYSDSPPGEEDLLVHVAEGSK","LEASYSDSPPGEEDLLVHVAEGSK",NA,"20231022_AL_HBSSbaf_pooled_PRM1","HBSS + ConA",FALSE,NA
"82","ATG9A","ATG9A LEASYSDSPPGEEDLLVHVAEGSK","LEASYSDSPPGEEDLLVHVAEGSK",NA,"HBSSbaf_pooled_PRM4","HBSS + ConA",FALSE,NA
"83","ATG9A","ATG9A LEASYSDSPPGEEDLLVHVAEGSK","LEASYSDSPPGEEDLLVHVAEGSK",NA,"HBSSbaf_pooled_PRM3","HBSS + ConA",FALSE,NA
"84","ATG9A","ATG9A LEASYSDSPPGEEDLLVHVAEGSK","LEASYSDSPPGEEDLLVHVAEGSK",NA,"HBSSbaf_pooled_PRM2","HBSS + ConA",FALSE,NA
"85","ATG9A","ATG9A ALEIIDFFR","ALEIIDFFR",21.552804549315,"HBSS_pooled_PRM3","HBSS",TRUE,NA
"86","ATG9A","ATG9A ALEIIDFFR","ALEIIDFFR",17.8662283769292,"HBSS_pooled_PRM2","HBSS",TRUE,NA
"87","ATG9A","ATG9A ALEIIDFFR","ALEIIDFFR",13.6579598389347,"HBSS_pooled_PRM1","HBSS",TRUE,NA
"88","ATG9A","ATG9A ALEIIDFFR","ALEIIDFFR",16.4890945050689,"20231022_AL_HBSSbaf_pooled_PRM1","HBSS + ConA",TRUE,NA
"89","ATG9A","ATG9A SFSPLQPGQAPTGR","SFSPLQPGQAPTGR",0.00934816974404532,"HBSS_pooled_PRM3","HBSS",TRUE,NA
"90","ATG9A","ATG9A SFSPLQPGQAPTGR","SFSPLQPGQAPTGR",0.00896121598818883,"HBSS_pooled_PRM2","HBSS",TRUE,NA
"91","ATG9A","ATG9A SFSPLQPGQAPTGR","SFSPLQPGQAPTGR",0.00945071343026515,"HBSS_pooled_PRM1","HBSS",TRUE,NA
"92","ATG9A","ATG9A SFSPLQPGQAPTGR","SFSPLQPGQAPTGR",0.00983444927766469,"20231022_AL_HBSSbaf_pooled_PRM1","HBSS + ConA",TRUE,NA
"93","ATG9A","ATG9A SFSPLQPGQAPTGR","SFSPLQPGQAPTGR",0.00947686473769701,"HBSSbaf_pooled_PRM4","HBSS + ConA",TRUE,NA
"94","ATG9A","ATG9A SFSPLQPGQAPTGR","SFSPLQPGQAPTGR",0.00950326673994026,"HBSSbaf_pooled_PRM3","HBSS + ConA",TRUE,NA
"95","ATG9A","ATG9A SFSPLQPGQAPTGR","SFSPLQPGQAPTGR",0.00890443924023761,"HBSSbaf_pooled_PRM2","HBSS + ConA",TRUE,NA
"96","BNIP1","BNIP1 AELLQGGDLLR","AELLQGGDLLR",0.505426772256098,"HBSS_pooled_PRM3","HBSS",TRUE,NA
"97","BNIP1","BNIP1 AELLQGGDLLR","AELLQGGDLLR",0.513111719435155,"HBSS_pooled_PRM2","HBSS",TRUE,NA
"98","BNIP1","BNIP1 AELLQGGDLLR","AELLQGGDLLR",0.508121062643624,"HBSS_pooled_PRM1","HBSS",TRUE,NA
"99","BNIP1","BNIP1 AELLQGGDLLR","AELLQGGDLLR",0.498594118440876,"20231022_AL_HBSSbaf_pooled_PRM1","HBSS + ConA",TRUE,NA
"100","BNIP1","BNIP1 AELLQGGDLLR","AELLQGGDLLR",0.448166894096034,"HBSSbaf_pooled_PRM4","HBSS + ConA",TRUE,NA
"101","BNIP1","BNIP1 AELLQGGDLLR","AELLQGGDLLR",0.464435056068831,"HBSSbaf_pooled_PRM3","HBSS + ConA",TRUE,NA
"102","BNIP1","BNIP1 AELLQGGDLLR","AELLQGGDLLR",0.457881548574636,"HBSSbaf_pooled_PRM2","HBSS + ConA",TRUE,NA
"103","BNIP1","BNIP1 TILDANEEFK","TILDANEEFK",0.0135858121558789,"HBSS_pooled_PRM3","HBSS",TRUE,NA
"104","BNIP1","BNIP1 TILDANEEFK","TILDANEEFK",0.0234313854651442,"HBSS_pooled_PRM2","HBSS",TRUE,NA
"105","BNIP1","BNIP1 TILDANEEFK","TILDANEEFK",0.0162029163440004,"HBSS_pooled_PRM1","HBSS",TRUE,NA
"106","BNIP1","BNIP1 TILDANEEFK","TILDANEEFK",0.0202700641076718,"20231022_AL_HBSSbaf_pooled_PRM1","HBSS + ConA",TRUE,NA
"107","BNIP1","BNIP1 TILDANEEFK","TILDANEEFK",0.0161446025007335,"HBSSbaf_pooled_PRM4","HBSS + ConA",TRUE,NA
"108","BNIP1","BNIP1 TILDANEEFK","TILDANEEFK",0.0164503085118771,"HBSSbaf_pooled_PRM3","HBSS + ConA",TRUE,NA
"109","BNIP1","BNIP1 TILDANEEFK","TILDANEEFK",0.0159028686084312,"HBSSbaf_pooled_PRM2","HBSS + ConA",TRUE,NA
"110","WIPI2","WIPI2 VFSIPEGQK","VFSIPEGQK",0.0909444525187608,"HBSS_pooled_PRM3","HBSS",TRUE,NA
"111","WIPI2","WIPI2 VFSIPEGQK","VFSIPEGQK",0.100654309653855,"HBSS_pooled_PRM2","HBSS",TRUE,NA
"112","WIPI2","WIPI2 VFSIPEGQK","VFSIPEGQK",0.0993412632510625,"HBSS_pooled_PRM1","HBSS",TRUE,NA
"113","WIPI2","WIPI2 VFSIPEGQK","VFSIPEGQK",0.0986655379907901,"20231022_AL_HBSSbaf_pooled_PRM1","HBSS + ConA",TRUE,NA
"114","WIPI2","WIPI2 VFSIPEGQK","VFSIPEGQK",0.0950506775469414,"HBSSbaf_pooled_PRM4","HBSS + ConA",TRUE,NA
"115","WIPI2","WIPI2 VFSIPEGQK","VFSIPEGQK",0.0954038809235456,"HBSSbaf_pooled_PRM3","HBSS + ConA",TRUE,NA
"116","WIPI2","WIPI2 VFSIPEGQK","VFSIPEGQK",0.0965229179249715,"HBSSbaf_pooled_PRM2","HBSS + ConA",TRUE,NA
"117","WIPI2","WIPI2 EKPPEEPTTWTGYFGK","EKPPEEPTTWTGYFGK",0.116651657779794,"HBSS_pooled_PRM3","HBSS",TRUE,NA
"118","WIPI2","WIPI2 EKPPEEPTTWTGYFGK","EKPPEEPTTWTGYFGK",0.112169153867799,"HBSS_pooled_PRM2","HBSS",TRUE,NA
"119","WIPI2","WIPI2 EKPPEEPTTWTGYFGK","EKPPEEPTTWTGYFGK",0.117324308915847,"HBSS_pooled_PRM1","HBSS",TRUE,NA
"120","WIPI2","WIPI2 EKPPEEPTTWTGYFGK","EKPPEEPTTWTGYFGK",0.111264449115668,"20231022_AL_HBSSbaf_pooled_PRM1","HBSS + ConA",TRUE,NA
"121","WIPI2","WIPI2 EKPPEEPTTWTGYFGK","EKPPEEPTTWTGYFGK",0.113759369494987,"HBSSbaf_pooled_PRM4","HBSS + ConA",TRUE,NA
"122","WIPI2","WIPI2 EKPPEEPTTWTGYFGK","EKPPEEPTTWTGYFGK",0.113978490074295,"HBSSbaf_pooled_PRM3","HBSS + ConA",TRUE,NA
"123","WIPI2","WIPI2 EKPPEEPTTWTGYFGK","EKPPEEPTTWTGYFGK",0.117320233666333,"HBSSbaf_pooled_PRM2","HBSS + ConA",TRUE,NA
"124","WIPI2","WIPI2 GTYVPSSPTR","GTYVPSSPTR",0.0659562005745596,"HBSS_pooled_PRM3","HBSS",TRUE,NA
"125","WIPI2","WIPI2 GTYVPSSPTR","GTYVPSSPTR",0.0691538256219698,"HBSS_pooled_PRM2","HBSS",TRUE,NA
"126","WIPI2","WIPI2 GTYVPSSPTR","GTYVPSSPTR",0.0656768108943347,"HBSS_pooled_PRM1","HBSS",TRUE,NA
"127","WIPI2","WIPI2 GTYVPSSPTR","GTYVPSSPTR",0.0686661792803475,"20231022_AL_HBSSbaf_pooled_PRM1","HBSS + ConA",TRUE,NA
"128","WIPI2","WIPI2 GTYVPSSPTR","GTYVPSSPTR",0.0769663644644529,"HBSSbaf_pooled_PRM4","HBSS + ConA",TRUE,NA
"129","WIPI2","WIPI2 GTYVPSSPTR","GTYVPSSPTR",0.071608635379252,"HBSSbaf_pooled_PRM3","HBSS + ConA",TRUE,NA
"130","WIPI2","WIPI2 GTYVPSSPTR","GTYVPSSPTR",0.0716849246524718,"HBSSbaf_pooled_PRM2","HBSS + ConA",TRUE,NA
"131","NBR1","NBR1 VSFDLNTIQIK","VSFDLNTIQIK",NA,"HBSS_pooled_PRM3","HBSS",FALSE,NA
"132","NBR1","NBR1 VSFDLNTIQIK","VSFDLNTIQIK",NA,"HBSS_pooled_PRM2","HBSS",FALSE,NA
"133","NBR1","NBR1 VSFDLNTIQIK","VSFDLNTIQIK",NA,"HBSS_pooled_PRM1","HBSS",FALSE,NA
"134","NBR1","NBR1 VSFDLNTIQIK","VSFDLNTIQIK",0.461316824031451,"20231022_AL_HBSSbaf_pooled_PRM1","HBSS + ConA",TRUE,NA
"135","NBR1","NBR1 VSFDLNTIQIK","VSFDLNTIQIK",0.419649161188954,"HBSSbaf_pooled_PRM4","HBSS + ConA",TRUE,NA
"136","NBR1","NBR1 VSFDLNTIQIK","VSFDLNTIQIK",0.464194804037122,"HBSSbaf_pooled_PRM3","HBSS + ConA",TRUE,NA
"137","NBR1","NBR1 VSFDLNTIQIK","VSFDLNTIQIK",0.414244500350733,"HBSSbaf_pooled_PRM2","HBSS + ConA",TRUE,NA
"138","SQSTM1","SQSTM1 LTPVSPESSSTEEK","LTPVSPESSSTEEK",2.50843884595727,"HBSS_pooled_PRM3","HBSS",TRUE,NA
"139","SQSTM1","SQSTM1 LTPVSPESSSTEEK","LTPVSPESSSTEEK",2.50316736465304,"HBSS_pooled_PRM2","HBSS",TRUE,NA
"140","SQSTM1","SQSTM1 LTPVSPESSSTEEK","LTPVSPESSSTEEK",2.39822471879308,"HBSS_pooled_PRM1","HBSS",TRUE,NA
"141","SQSTM1","SQSTM1 LTPVSPESSSTEEK","LTPVSPESSSTEEK",4.20559819919872,"20231022_AL_HBSSbaf_pooled_PRM1","HBSS + ConA",TRUE,NA
"142","SQSTM1","SQSTM1 LTPVSPESSSTEEK","LTPVSPESSSTEEK",4.18456572167594,"HBSSbaf_pooled_PRM4","HBSS + ConA",TRUE,NA
"143","SQSTM1","SQSTM1 LTPVSPESSSTEEK","LTPVSPESSSTEEK",4.14575856164009,"HBSSbaf_pooled_PRM3","HBSS + ConA",TRUE,NA
"144","SQSTM1","SQSTM1 LTPVSPESSSTEEK","LTPVSPESSSTEEK",3.97187303878559,"HBSSbaf_pooled_PRM2","HBSS + ConA",TRUE,NA
"145","SQSTM1","SQSTM1 NYDIGAALDTIQYSK","NYDIGAALDTIQYSK",4.86578221955096,"HBSS_pooled_PRM3","HBSS",TRUE,NA
"146","SQSTM1","SQSTM1 NYDIGAALDTIQYSK","NYDIGAALDTIQYSK",5.10193489376931,"HBSS_pooled_PRM2","HBSS",TRUE,NA
"147","SQSTM1","SQSTM1 NYDIGAALDTIQYSK","NYDIGAALDTIQYSK",5.02565565382033,"HBSS_pooled_PRM1","HBSS",TRUE,NA
"148","SQSTM1","SQSTM1 NYDIGAALDTIQYSK","NYDIGAALDTIQYSK",8.22776438141456,"20231022_AL_HBSSbaf_pooled_PRM1","HBSS + ConA",TRUE,NA
"149","SQSTM1","SQSTM1 NYDIGAALDTIQYSK","NYDIGAALDTIQYSK",7.83620481661761,"HBSSbaf_pooled_PRM4","HBSS + ConA",TRUE,NA
"150","SQSTM1","SQSTM1 NYDIGAALDTIQYSK","NYDIGAALDTIQYSK",8.1245377345242,"HBSSbaf_pooled_PRM3","HBSS + ConA",TRUE,NA
"151","SQSTM1","SQSTM1 NYDIGAALDTIQYSK","NYDIGAALDTIQYSK",7.47391995015676,"HBSSbaf_pooled_PRM2","HBSS + ConA",TRUE,NA
"152","ATG12","ATG12 TIQGLIDFIK","TIQGLIDFIK",NA,"HBSS_pooled_PRM3","HBSS",FALSE,NA
"153","ATG12","ATG12 TIQGLIDFIK","TIQGLIDFIK",NA,"HBSS_pooled_PRM2","HBSS",FALSE,NA
"154","ATG12","ATG12 TIQGLIDFIK","TIQGLIDFIK",NA,"HBSS_pooled_PRM1","HBSS",FALSE,NA
"155","ATG12","ATG12 TIQGLIDFIK","TIQGLIDFIK",NA,"20231022_AL_HBSSbaf_pooled_PRM1","HBSS + ConA",FALSE,NA
"156","ATG12","ATG12 TIQGLIDFIK","TIQGLIDFIK",NA,"HBSSbaf_pooled_PRM4","HBSS + ConA",FALSE,NA
"157","ATG12","ATG12 TIQGLIDFIK","TIQGLIDFIK",NA,"HBSSbaf_pooled_PRM3","HBSS + ConA",FALSE,NA
"158","ATG12","ATG12 TIQGLIDFIK","TIQGLIDFIK",NA,"HBSSbaf_pooled_PRM2","HBSS + ConA",FALSE,NA
"159","CALCOCO2","CALCOCO2 DYWETELLQLK","DYWETELLQLK",0.0251931303914601,"HBSS_pooled_PRM3","HBSS",TRUE,NA
"160","CALCOCO2","CALCOCO2 DYWETELLQLK","DYWETELLQLK",0.0268197732641251,"HBSS_pooled_PRM2","HBSS",TRUE,NA
"161","CALCOCO2","CALCOCO2 DYWETELLQLK","DYWETELLQLK",0.0254862604505778,"HBSS_pooled_PRM1","HBSS",TRUE,NA
"162","CALCOCO2","CALCOCO2 DYWETELLQLK","DYWETELLQLK",0.0490583489391582,"20231022_AL_HBSSbaf_pooled_PRM1","HBSS + ConA",TRUE,NA
"163","CALCOCO2","CALCOCO2 DYWETELLQLK","DYWETELLQLK",0.0509515098130133,"HBSSbaf_pooled_PRM4","HBSS + ConA",TRUE,NA
"164","CALCOCO2","CALCOCO2 DYWETELLQLK","DYWETELLQLK",0.0512856114914008,"HBSSbaf_pooled_PRM3","HBSS + ConA",TRUE,NA
"165","CALCOCO2","CALCOCO2 DYWETELLQLK","DYWETELLQLK",0.0517647826027844,"HBSSbaf_pooled_PRM2","HBSS + ConA",TRUE,NA
"166","CALCOCO2","CALCOCO2 ENDHLFLSLTEQR","ENDHLFLSLTEQR",0.246473094680231,"HBSS_pooled_PRM3","HBSS",TRUE,NA
"167","CALCOCO2","CALCOCO2 ENDHLFLSLTEQR","ENDHLFLSLTEQR",0.270546875387385,"HBSS_pooled_PRM2","HBSS",TRUE,NA
"168","CALCOCO2","CALCOCO2 ENDHLFLSLTEQR","ENDHLFLSLTEQR",0.245951309500517,"HBSS_pooled_PRM1","HBSS",TRUE,NA
"169","CALCOCO2","CALCOCO2 ENDHLFLSLTEQR","ENDHLFLSLTEQR",0.546348238054022,"20231022_AL_HBSSbaf_pooled_PRM1","HBSS + ConA",TRUE,NA
"170","CALCOCO2","CALCOCO2 ENDHLFLSLTEQR","ENDHLFLSLTEQR",0.549774578699255,"HBSSbaf_pooled_PRM4","HBSS + ConA",TRUE,NA
"171","CALCOCO2","CALCOCO2 ENDHLFLSLTEQR","ENDHLFLSLTEQR",0.554150157472315,"HBSSbaf_pooled_PRM3","HBSS + ConA",TRUE,NA
"172","CALCOCO2","CALCOCO2 ENDHLFLSLTEQR","ENDHLFLSLTEQR",0.536978524339782,"HBSSbaf_pooled_PRM2","HBSS + ConA",TRUE,NA
"173","ATG5","ATG5 IPTCFTLYQDEITER","IPTCFTLYQDEITER",NA,"HBSS_pooled_PRM3","HBSS",FALSE,NA
"174","ATG5","ATG5 IPTCFTLYQDEITER","IPTCFTLYQDEITER",NA,"HBSS_pooled_PRM2","HBSS",FALSE,NA
"175","ATG5","ATG5 IPTCFTLYQDEITER","IPTCFTLYQDEITER",NA,"HBSS_pooled_PRM1","HBSS",FALSE,NA
"176","ATG5","ATG5 IPTCFTLYQDEITER","IPTCFTLYQDEITER",NA,"20231022_AL_HBSSbaf_pooled_PRM1","HBSS + ConA",FALSE,NA
"177","ATG5","ATG5 IPTCFTLYQDEITER","IPTCFTLYQDEITER",NA,"HBSSbaf_pooled_PRM4","HBSS + ConA",FALSE,NA
"178","ATG5","ATG5 IPTCFTLYQDEITER","IPTCFTLYQDEITER",NA,"HBSSbaf_pooled_PRM3","HBSS + ConA",FALSE,NA
"179","ATG5","ATG5 IPTCFTLYQDEITER","IPTCFTLYQDEITER",NA,"HBSSbaf_pooled_PRM2","HBSS + ConA",FALSE,NA
"180","ATG5","ATG5 EAEPYYLLLPR","EAEPYYLLLPR",0.0183448224802704,"HBSS_pooled_PRM3","HBSS",TRUE,NA
"181","ATG5","ATG5 EAEPYYLLLPR","EAEPYYLLLPR",0.0187824393635167,"HBSS_pooled_PRM2","HBSS",TRUE,NA
"182","ATG5","ATG5 EAEPYYLLLPR","EAEPYYLLLPR",0.0177429711606537,"HBSS_pooled_PRM1","HBSS",TRUE,NA
"183","ATG5","ATG5 EAEPYYLLLPR","EAEPYYLLLPR",0.017440725160861,"20231022_AL_HBSSbaf_pooled_PRM1","HBSS + ConA",TRUE,NA
"184","ATG5","ATG5 EAEPYYLLLPR","EAEPYYLLLPR",0.0178578092849798,"HBSSbaf_pooled_PRM4","HBSS + ConA",TRUE,NA
"185","ATG5","ATG5 EAEPYYLLLPR","EAEPYYLLLPR",0.0178386190577926,"HBSSbaf_pooled_PRM3","HBSS + ConA",TRUE,NA
"186","ATG5","ATG5 EAEPYYLLLPR","EAEPYYLLLPR",0.0171768381874296,"HBSSbaf_pooled_PRM2","HBSS + ConA",TRUE,NA
"187","ATG5","ATG5 VSYLTLVTDK","VSYLTLVTDK",0.535731659474304,"HBSS_pooled_PRM3","HBSS",TRUE,NA
"188","ATG5","ATG5 VSYLTLVTDK","VSYLTLVTDK",0.505391888343992,"HBSS_pooled_PRM2","HBSS",TRUE,NA
"189","ATG5","ATG5 VSYLTLVTDK","VSYLTLVTDK",0.515838385932183,"HBSS_pooled_PRM1","HBSS",TRUE,NA
"190","ATG5","ATG5 VSYLTLVTDK","VSYLTLVTDK",0.489420378784223,"20231022_AL_HBSSbaf_pooled_PRM1","HBSS + ConA",TRUE,NA
"191","ATG5","ATG5 VSYLTLVTDK","VSYLTLVTDK",0.528633212949339,"HBSSbaf_pooled_PRM4","HBSS + ConA",TRUE,NA
"192","ATG5","ATG5 VSYLTLVTDK","VSYLTLVTDK",0.481036473599638,"HBSSbaf_pooled_PRM3","HBSS + ConA",TRUE,NA
"193","ATG5","ATG5 VSYLTLVTDK","VSYLTLVTDK",0.505478668432314,"HBSSbaf_pooled_PRM2","HBSS + ConA",TRUE,NA
"194","ATG4A","ATG4A LLSDISAR","LLSDISAR",0.0144917351026916,"HBSS_pooled_PRM3","HBSS",TRUE,NA
"195","ATG4A","ATG4A LLSDISAR","LLSDISAR",0.0148531268850851,"HBSS_pooled_PRM2","HBSS",TRUE,NA
"196","ATG4A","ATG4A LLSDISAR","LLSDISAR",0.013942204081791,"HBSS_pooled_PRM1","HBSS",TRUE,NA
"197","ATG4A","ATG4A LLSDISAR","LLSDISAR",0.0147115348969705,"20231022_AL_HBSSbaf_pooled_PRM1","HBSS + ConA",TRUE,NA
"198","ATG4A","ATG4A LLSDISAR","LLSDISAR",0.0155820489114955,"HBSSbaf_pooled_PRM4","HBSS + ConA",TRUE,NA
"199","ATG4A","ATG4A LLSDISAR","LLSDISAR",0.0134125016629315,"HBSSbaf_pooled_PRM3","HBSS + ConA",TRUE,NA
"200","ATG4A","ATG4A LLSDISAR","LLSDISAR",0.0148672229912847,"HBSSbaf_pooled_PRM2","HBSS + ConA",TRUE,NA
"201","ATG4A","ATG4A SIGEWFGPNTVAQVLK","SIGEWFGPNTVAQVLK",NA,"HBSS_pooled_PRM3","HBSS",FALSE,NA
"202","ATG4A","ATG4A SIGEWFGPNTVAQVLK","SIGEWFGPNTVAQVLK",NA,"HBSS_pooled_PRM2","HBSS",FALSE,NA
"203","ATG4A","ATG4A SIGEWFGPNTVAQVLK","SIGEWFGPNTVAQVLK",NA,"HBSS_pooled_PRM1","HBSS",FALSE,NA
"204","ATG4A","ATG4A SIGEWFGPNTVAQVLK","SIGEWFGPNTVAQVLK",NA,"20231022_AL_HBSSbaf_pooled_PRM1","HBSS + ConA",FALSE,NA
"205","ATG4A","ATG4A SIGEWFGPNTVAQVLK","SIGEWFGPNTVAQVLK",NA,"HBSSbaf_pooled_PRM4","HBSS + ConA",FALSE,NA
"206","ATG4A","ATG4A SIGEWFGPNTVAQVLK","SIGEWFGPNTVAQVLK",NA,"HBSSbaf_pooled_PRM3","HBSS + ConA",FALSE,NA
"207","ATG4A","ATG4A SIGEWFGPNTVAQVLK","SIGEWFGPNTVAQVLK",NA,"HBSSbaf_pooled_PRM2","HBSS + ConA",FALSE,NA
"208","ATG4A","ATG4A LGINQINPVYVDAFK","LGINQINPVYVDAFK",NA,"HBSS_pooled_PRM3","HBSS",FALSE,NA
"209","ATG4A","ATG4A LGINQINPVYVDAFK","LGINQINPVYVDAFK",NA,"HBSS_pooled_PRM2","HBSS",FALSE,NA
"210","ATG4A","ATG4A LGINQINPVYVDAFK","LGINQINPVYVDAFK",NA,"HBSS_pooled_PRM1","HBSS",FALSE,NA
"211","ATG4A","ATG4A LGINQINPVYVDAFK","LGINQINPVYVDAFK",NA,"20231022_AL_HBSSbaf_pooled_PRM1","HBSS + ConA",FALSE,NA
"212","ATG4A","ATG4A LGINQINPVYVDAFK","LGINQINPVYVDAFK",NA,"HBSSbaf_pooled_PRM4","HBSS + ConA",FALSE,NA
"213","ATG4A","ATG4A LGINQINPVYVDAFK","LGINQINPVYVDAFK",NA,"HBSSbaf_pooled_PRM3","HBSS + ConA",FALSE,NA
"214","ATG4A","ATG4A LGINQINPVYVDAFK","LGINQINPVYVDAFK",NA,"HBSSbaf_pooled_PRM2","HBSS + ConA",FALSE,NA
"215","RPS6KB1","RPS6KB1 LGAGPGDAGEVQAHPFFR","LGAGPGDAGEVQAHPFFR",0.0913132627336788,"HBSS_pooled_PRM3","HBSS",TRUE,NA
"216","RPS6KB1","RPS6KB1 LGAGPGDAGEVQAHPFFR","LGAGPGDAGEVQAHPFFR",0.109674029027026,"HBSS_pooled_PRM2","HBSS",TRUE,NA
"217","RPS6KB1","RPS6KB1 LGAGPGDAGEVQAHPFFR","LGAGPGDAGEVQAHPFFR",0.108206667170047,"HBSS_pooled_PRM1","HBSS",TRUE,NA
"218","RPS6KB1","RPS6KB1 LGAGPGDAGEVQAHPFFR","LGAGPGDAGEVQAHPFFR",0.0956162930311354,"20231022_AL_HBSSbaf_pooled_PRM1","HBSS + ConA",TRUE,NA
"219","RPS6KB1","RPS6KB1 LGAGPGDAGEVQAHPFFR","LGAGPGDAGEVQAHPFFR",0.107322399719536,"HBSSbaf_pooled_PRM4","HBSS + ConA",TRUE,NA
"220","RPS6KB1","RPS6KB1 LGAGPGDAGEVQAHPFFR","LGAGPGDAGEVQAHPFFR",0.103653770774997,"HBSSbaf_pooled_PRM3","HBSS + ConA",TRUE,NA
"221","RPS6KB1","RPS6KB1 LGAGPGDAGEVQAHPFFR","LGAGPGDAGEVQAHPFFR",0.10243231535167,"HBSSbaf_pooled_PRM2","HBSS + ConA",TRUE,NA
"222","RPS6KB1","RPS6KB1 HINWEELLAR","HINWEELLAR",0.233712850083425,"HBSS_pooled_PRM3","HBSS",TRUE,NA
"223","RPS6KB1","RPS6KB1 HINWEELLAR","HINWEELLAR",0.224809760680655,"HBSS_pooled_PRM2","HBSS",TRUE,NA
"224","RPS6KB1","RPS6KB1 HINWEELLAR","HINWEELLAR",0.22632980381742,"HBSS_pooled_PRM1","HBSS",TRUE,NA
"225","RPS6KB1","RPS6KB1 HINWEELLAR","HINWEELLAR",0.224999738022932,"20231022_AL_HBSSbaf_pooled_PRM1","HBSS + ConA",TRUE,NA
"226","RPS6KB1","RPS6KB1 HINWEELLAR","HINWEELLAR",0.228865835889558,"HBSSbaf_pooled_PRM4","HBSS + ConA",TRUE,NA
"227","RPS6KB1","RPS6KB1 HINWEELLAR","HINWEELLAR",0.235473464891978,"HBSSbaf_pooled_PRM3","HBSS + ConA",TRUE,NA
"228","RPS6KB1","RPS6KB1 HINWEELLAR","HINWEELLAR",0.214196340218876,"HBSSbaf_pooled_PRM2","HBSS + ConA",TRUE,NA
"229","RPS6KB1","RPS6KB1 FSPGDFWGR","FSPGDFWGR",NA,"HBSS_pooled_PRM3","HBSS",FALSE,NA
"230","RPS6KB1","RPS6KB1 FSPGDFWGR","FSPGDFWGR",NA,"HBSS_pooled_PRM2","HBSS",FALSE,NA
"231","RPS6KB1","RPS6KB1 FSPGDFWGR","FSPGDFWGR",NA,"HBSS_pooled_PRM1","HBSS",FALSE,NA
"232","RPS6KB1","RPS6KB1 FSPGDFWGR","FSPGDFWGR",NA,"20231022_AL_HBSSbaf_pooled_PRM1","HBSS + ConA",FALSE,NA
"233","RPS6KB1","RPS6KB1 FSPGDFWGR","FSPGDFWGR",NA,"HBSSbaf_pooled_PRM4","HBSS + ConA",FALSE,NA
"234","RPS6KB1","RPS6KB1 FSPGDFWGR","FSPGDFWGR",NA,"HBSSbaf_pooled_PRM3","HBSS + ConA",FALSE,NA
"235","RPS6KB1","RPS6KB1 FSPGDFWGR","FSPGDFWGR",NA,"HBSSbaf_pooled_PRM2","HBSS + ConA",FALSE,NA
"236","ULK1","ULK1 TLSEDTIR","TLSEDTIR",0.0308633232941379,"HBSS_pooled_PRM3","HBSS",TRUE,NA
"237","ULK1","ULK1 TLSEDTIR","TLSEDTIR",0.0312858223574456,"HBSS_pooled_PRM2","HBSS",TRUE,NA
"238","ULK1","ULK1 TLSEDTIR","TLSEDTIR",0.0312128816513944,"HBSS_pooled_PRM1","HBSS",TRUE,NA
"239","ULK1","ULK1 TLSEDTIR","TLSEDTIR",0.0315864194817184,"20231022_AL_HBSSbaf_pooled_PRM1","HBSS + ConA",TRUE,NA
"240","ULK1","ULK1 TLSEDTIR","TLSEDTIR",0.031296521962262,"HBSSbaf_pooled_PRM4","HBSS + ConA",TRUE,NA
"241","ULK1","ULK1 TLSEDTIR","TLSEDTIR",0.0337897698130217,"HBSSbaf_pooled_PRM3","HBSS + ConA",TRUE,NA
"242","ULK1","ULK1 TLSEDTIR","TLSEDTIR",0.0322328492978011,"HBSSbaf_pooled_PRM2","HBSS + ConA",TRUE,NA
"243","ULK1","ULK1 APFQASSPQDLR","APFQASSPQDLR",0.0328279499312681,"HBSS_pooled_PRM3","HBSS",TRUE,NA
"244","ULK1","ULK1 APFQASSPQDLR","APFQASSPQDLR",0.0327490867324461,"HBSS_pooled_PRM2","HBSS",TRUE,NA
"245","ULK1","ULK1 APFQASSPQDLR","APFQASSPQDLR",0.0345175805906656,"HBSS_pooled_PRM1","HBSS",TRUE,NA
"246","ULK1","ULK1 APFQASSPQDLR","APFQASSPQDLR",0.0339861225949183,"20231022_AL_HBSSbaf_pooled_PRM1","HBSS + ConA",TRUE,NA
"247","ULK1","ULK1 APFQASSPQDLR","APFQASSPQDLR",0.0342957009492521,"HBSSbaf_pooled_PRM4","HBSS + ConA",TRUE,NA
"248","ULK1","ULK1 APFQASSPQDLR","APFQASSPQDLR",0.0326633330924048,"HBSSbaf_pooled_PRM3","HBSS + ConA",TRUE,NA
"249","ULK1","ULK1 APFQASSPQDLR","APFQASSPQDLR",0.0367888064919436,"HBSSbaf_pooled_PRM2","HBSS + ConA",TRUE,NA
"250","ULK1","ULK1 TLVPTIPR","TLVPTIPR",0.0660090922449811,"HBSS_pooled_PRM3","HBSS",TRUE,NA
"251","ULK1","ULK1 TLVPTIPR","TLVPTIPR",0.0797032904031435,"HBSS_pooled_PRM2","HBSS",TRUE,NA
"252","ULK1","ULK1 TLVPTIPR","TLVPTIPR",0.0817340212355037,"HBSS_pooled_PRM1","HBSS",TRUE,NA
"253","ULK1","ULK1 TLVPTIPR","TLVPTIPR",0.0828404290150396,"20231022_AL_HBSSbaf_pooled_PRM1","HBSS + ConA",TRUE,NA
"254","ULK1","ULK1 TLVPTIPR","TLVPTIPR",0.0853352520939065,"HBSSbaf_pooled_PRM4","HBSS + ConA",TRUE,NA
"255","ULK1","ULK1 TLVPTIPR","TLVPTIPR",0.0895469435670355,"HBSSbaf_pooled_PRM3","HBSS + ConA",TRUE,NA
"256","ULK1","ULK1 TLVPTIPR","TLVPTIPR",0.0873322869285102,"HBSSbaf_pooled_PRM2","HBSS + ConA",TRUE,NA
"257","ULK1","ULK1 LPDFLQR","LPDFLQR",NA,"HBSS_pooled_PRM3","HBSS",FALSE,NA
"258","ULK1","ULK1 LPDFLQR","LPDFLQR",NA,"HBSS_pooled_PRM2","HBSS",FALSE,NA
"259","ULK1","ULK1 LPDFLQR","LPDFLQR",NA,"HBSS_pooled_PRM1","HBSS",FALSE,NA
"260","ULK1","ULK1 LPDFLQR","LPDFLQR",NA,"20231022_AL_HBSSbaf_pooled_PRM1","HBSS + ConA",FALSE,NA
"261","ULK1","ULK1 LPDFLQR","LPDFLQR",NA,"HBSSbaf_pooled_PRM4","HBSS + ConA",FALSE,NA
"262","ULK1","ULK1 LPDFLQR","LPDFLQR",NA,"HBSSbaf_pooled_PRM3","HBSS + ConA",FALSE,NA
"263","ULK1","ULK1 LPDFLQR","LPDFLQR",NA,"HBSSbaf_pooled_PRM2","HBSS + ConA",FALSE,NA
"264","ULK1","ULK1 TPSSQNLLALLAR","TPSSQNLLALLAR",0.0745801209301744,"HBSS_pooled_PRM3","HBSS",TRUE,NA
"265","ULK1","ULK1 TPSSQNLLALLAR","TPSSQNLLALLAR",0.070871048045056,"HBSS_pooled_PRM2","HBSS",TRUE,NA
"266","ULK1","ULK1 TPSSQNLLALLAR","TPSSQNLLALLAR",0.0697360112934334,"HBSS_pooled_PRM1","HBSS",TRUE,NA
"267","ULK1","ULK1 TPSSQNLLALLAR","TPSSQNLLALLAR",0.0667395680730795,"20231022_AL_HBSSbaf_pooled_PRM1","HBSS + ConA",TRUE,NA
"268","ULK1","ULK1 TPSSQNLLALLAR","TPSSQNLLALLAR",0.0709884203252112,"HBSSbaf_pooled_PRM4","HBSS + ConA",TRUE,NA
"269","ULK1","ULK1 TPSSQNLLALLAR","TPSSQNLLALLAR",0.0712129743696746,"HBSSbaf_pooled_PRM3","HBSS + ConA",TRUE,NA
"270","ULK1","ULK1 TPSSQNLLALLAR","TPSSQNLLALLAR",0.074014165040375,"HBSSbaf_pooled_PRM2","HBSS + ConA",TRUE,NA
"271","ULK1","ULK1 VAELLSSGLQSAIDQIR","VAELLSSGLQSAIDQIR",NA,"HBSS_pooled_PRM3","HBSS",FALSE,NA
"272","ULK1","ULK1 VAELLSSGLQSAIDQIR","VAELLSSGLQSAIDQIR",NA,"HBSS_pooled_PRM2","HBSS",FALSE,NA
"273","ULK1","ULK1 VAELLSSGLQSAIDQIR","VAELLSSGLQSAIDQIR",NA,"HBSS_pooled_PRM1","HBSS",FALSE,NA
"274","ULK1","ULK1 VAELLSSGLQSAIDQIR","VAELLSSGLQSAIDQIR",NA,"20231022_AL_HBSSbaf_pooled_PRM1","HBSS + ConA",FALSE,NA
"275","ULK1","ULK1 VAELLSSGLQSAIDQIR","VAELLSSGLQSAIDQIR",0.0260465046781106,"HBSSbaf_pooled_PRM4","HBSS + ConA",TRUE,NA
"276","ULK1","ULK1 VAELLSSGLQSAIDQIR","VAELLSSGLQSAIDQIR",0.0228460642971389,"HBSSbaf_pooled_PRM3","HBSS + ConA",TRUE,NA
"277","ULK1","ULK1 VAELLSSGLQSAIDQIR","VAELLSSGLQSAIDQIR",NA,"HBSSbaf_pooled_PRM2","HBSS + ConA",FALSE,NA
"278","RB1CC1","RB1CC1 ELAQGFLANQK","ELAQGFLANQK",0.00344034162322854,"HBSS_pooled_PRM3","HBSS",TRUE,NA
"279","RB1CC1","RB1CC1 ELAQGFLANQK","ELAQGFLANQK",0.003396620315479,"HBSS_pooled_PRM2","HBSS",TRUE,NA
"280","RB1CC1","RB1CC1 ELAQGFLANQK","ELAQGFLANQK",0.0035758334181432,"HBSS_pooled_PRM1","HBSS",TRUE,NA
"281","RB1CC1","RB1CC1 ELAQGFLANQK","ELAQGFLANQK",0.00356366416921662,"20231022_AL_HBSSbaf_pooled_PRM1","HBSS + ConA",TRUE,NA
"282","RB1CC1","RB1CC1 ELAQGFLANQK","ELAQGFLANQK",0.00329056244745952,"HBSSbaf_pooled_PRM4","HBSS + ConA",TRUE,NA
"283","RB1CC1","RB1CC1 ELAQGFLANQK","ELAQGFLANQK",0.0033171214166638,"HBSSbaf_pooled_PRM3","HBSS + ConA",TRUE,NA
"284","RB1CC1","RB1CC1 ELAQGFLANQK","ELAQGFLANQK",0.00327908822890748,"HBSSbaf_pooled_PRM2","HBSS + ConA",TRUE,NA
"285","RB1CC1","RB1CC1 SLLEQETENLR","SLLEQETENLR",0.00518991250755089,"HBSS_pooled_PRM3","HBSS",TRUE,NA
"286","RB1CC1","RB1CC1 SLLEQETENLR","SLLEQETENLR",0.0053383509867574,"HBSS_pooled_PRM2","HBSS",TRUE,NA
"287","RB1CC1","RB1CC1 SLLEQETENLR","SLLEQETENLR",0.00484597370999646,"HBSS_pooled_PRM1","HBSS",TRUE,NA
"288","RB1CC1","RB1CC1 SLLEQETENLR","SLLEQETENLR",0.00546142352317617,"20231022_AL_HBSSbaf_pooled_PRM1","HBSS + ConA",TRUE,NA
"289","RB1CC1","RB1CC1 SLLEQETENLR","SLLEQETENLR",0.00544978388779794,"HBSSbaf_pooled_PRM4","HBSS + ConA",TRUE,NA
"290","RB1CC1","RB1CC1 SLLEQETENLR","SLLEQETENLR",0.00514382615619643,"HBSSbaf_pooled_PRM3","HBSS + ConA",TRUE,NA
"291","RB1CC1","RB1CC1 SLLEQETENLR","SLLEQETENLR",0.00521765976780863,"HBSSbaf_pooled_PRM2","HBSS + ConA",TRUE,NA
"292","NUFIP1","NUFIP1 DYHNYQTLFEPR","DYHNYQTLFEPR",NA,"HBSS_pooled_PRM3","HBSS",FALSE,NA
"293","NUFIP1","NUFIP1 DYHNYQTLFEPR","DYHNYQTLFEPR",NA,"HBSS_pooled_PRM2","HBSS",FALSE,NA
"294","NUFIP1","NUFIP1 DYHNYQTLFEPR","DYHNYQTLFEPR",NA,"HBSS_pooled_PRM1","HBSS",FALSE,NA
"295","NUFIP1","NUFIP1 DYHNYQTLFEPR","DYHNYQTLFEPR",NA,"20231022_AL_HBSSbaf_pooled_PRM1","HBSS + ConA",FALSE,NA
"296","NUFIP1","NUFIP1 DYHNYQTLFEPR","DYHNYQTLFEPR",NA,"HBSSbaf_pooled_PRM4","HBSS + ConA",FALSE,NA
"297","NUFIP1","NUFIP1 DYHNYQTLFEPR","DYHNYQTLFEPR",NA,"HBSSbaf_pooled_PRM3","HBSS + ConA",FALSE,NA
"298","NUFIP1","NUFIP1 DYHNYQTLFEPR","DYHNYQTLFEPR",NA,"HBSSbaf_pooled_PRM2","HBSS + ConA",FALSE,NA
"299","NUFIP1","NUFIP1 DFFGLDTNSAK","DFFGLDTNSAK",0.00669218999106956,"HBSS_pooled_PRM3","HBSS",TRUE,NA
"300","NUFIP1","NUFIP1 DFFGLDTNSAK","DFFGLDTNSAK",0.00598992725995303,"HBSS_pooled_PRM2","HBSS",TRUE,NA
"301","NUFIP1","NUFIP1 DFFGLDTNSAK","DFFGLDTNSAK",0.00648503290665897,"HBSS_pooled_PRM1","HBSS",TRUE,NA
"302","NUFIP1","NUFIP1 DFFGLDTNSAK","DFFGLDTNSAK",0.00581080343083839,"20231022_AL_HBSSbaf_pooled_PRM1","HBSS + ConA",TRUE,NA
"303","NUFIP1","NUFIP1 DFFGLDTNSAK","DFFGLDTNSAK",0.00568237553854434,"HBSSbaf_pooled_PRM4","HBSS + ConA",TRUE,NA
"304","NUFIP1","NUFIP1 DFFGLDTNSAK","DFFGLDTNSAK",0.00584277888294436,"HBSSbaf_pooled_PRM3","HBSS + ConA",TRUE,NA
"305","NUFIP1","NUFIP1 DFFGLDTNSAK","DFFGLDTNSAK",0.00614908035280008,"HBSSbaf_pooled_PRM2","HBSS + ConA",TRUE,NA
"306","STBD1","STBD1 EHVPSGQFPDTEAPATSETSNSR","EHVPSGQFPDTEAPATSETSNSR",NA,"HBSS_pooled_PRM3","HBSS",FALSE,NA
"307","STBD1","STBD1 EHVPSGQFPDTEAPATSETSNSR","EHVPSGQFPDTEAPATSETSNSR",NA,"HBSS_pooled_PRM2","HBSS",FALSE,NA
"308","STBD1","STBD1 EHVPSGQFPDTEAPATSETSNSR","EHVPSGQFPDTEAPATSETSNSR",NA,"HBSS_pooled_PRM1","HBSS",FALSE,NA
"309","STBD1","STBD1 EHVPSGQFPDTEAPATSETSNSR","EHVPSGQFPDTEAPATSETSNSR",NA,"20231022_AL_HBSSbaf_pooled_PRM1","HBSS + ConA",FALSE,NA
"310","STBD1","STBD1 EHVPSGQFPDTEAPATSETSNSR","EHVPSGQFPDTEAPATSETSNSR",0.0561052391926399,"HBSSbaf_pooled_PRM4","HBSS + ConA",TRUE,NA
"311","STBD1","STBD1 EHVPSGQFPDTEAPATSETSNSR","EHVPSGQFPDTEAPATSETSNSR",NA,"HBSSbaf_pooled_PRM3","HBSS + ConA",FALSE,NA
"312","STBD1","STBD1 EHVPSGQFPDTEAPATSETSNSR","EHVPSGQFPDTEAPATSETSNSR",NA,"HBSSbaf_pooled_PRM2","HBSS + ConA",FALSE,NA
"313","STBD1","STBD1 HSSWGDVGVGGSLK","HSSWGDVGVGGSLK",0.0270833097830669,"HBSS_pooled_PRM3","HBSS",TRUE,NA
"314","STBD1","STBD1 HSSWGDVGVGGSLK","HSSWGDVGVGGSLK",0.0246128308626283,"HBSS_pooled_PRM2","HBSS",TRUE,NA
"315","STBD1","STBD1 HSSWGDVGVGGSLK","HSSWGDVGVGGSLK",0.0258690092730149,"HBSS_pooled_PRM1","HBSS",TRUE,NA
"316","STBD1","STBD1 HSSWGDVGVGGSLK","HSSWGDVGVGGSLK",0.02655044246957,"20231022_AL_HBSSbaf_pooled_PRM1","HBSS + ConA",TRUE,NA
"317","STBD1","STBD1 HSSWGDVGVGGSLK","HSSWGDVGVGGSLK",0.0266048521099987,"HBSSbaf_pooled_PRM4","HBSS + ConA",TRUE,NA
"318","STBD1","STBD1 HSSWGDVGVGGSLK","HSSWGDVGVGGSLK",0.0269288175944248,"HBSSbaf_pooled_PRM3","HBSS + ConA",TRUE,NA
"319","STBD1","STBD1 HSSWGDVGVGGSLK","HSSWGDVGVGGSLK",0.0271865171476772,"HBSSbaf_pooled_PRM2","HBSS + ConA",TRUE,NA
"320","STBD1","STBD1 FVLVENGGVTR","FVLVENGGVTR",0.0604822178447773,"HBSS_pooled_PRM3","HBSS",TRUE,NA
"321","STBD1","STBD1 FVLVENGGVTR","FVLVENGGVTR",0.060271359606892,"HBSS_pooled_PRM2","HBSS",TRUE,NA
"322","STBD1","STBD1 FVLVENGGVTR","FVLVENGGVTR",0.0562748306226906,"HBSS_pooled_PRM1","HBSS",TRUE,NA
"323","STBD1","STBD1 FVLVENGGVTR","FVLVENGGVTR",0.0635568425419142,"20231022_AL_HBSSbaf_pooled_PRM1","HBSS + ConA",TRUE,NA
"324","STBD1","STBD1 FVLVENGGVTR","FVLVENGGVTR",0.0558625089699842,"HBSSbaf_pooled_PRM4","HBSS + ConA",TRUE,NA
"325","STBD1","STBD1 FVLVENGGVTR","FVLVENGGVTR",0.0559194216188446,"HBSSbaf_pooled_PRM3","HBSS + ConA",TRUE,NA
"326","STBD1","STBD1 FVLVENGGVTR","FVLVENGGVTR",0.0613482031627445,"HBSSbaf_pooled_PRM2","HBSS + ConA",TRUE,NA
"327","BNIP3L","BNIP3L ILLDAQHESGQSSSR","ILLDAQHESGQSSSR",NA,"HBSS_pooled_PRM3","HBSS",FALSE,NA
"328","BNIP3L","BNIP3L ILLDAQHESGQSSSR","ILLDAQHESGQSSSR",0.038499478815378,"HBSS_pooled_PRM2","HBSS",TRUE,NA
"329","BNIP3L","BNIP3L ILLDAQHESGQSSSR","ILLDAQHESGQSSSR",0.0362731702476241,"HBSS_pooled_PRM1","HBSS",TRUE,NA
"330","BNIP3L","BNIP3L ILLDAQHESGQSSSR","ILLDAQHESGQSSSR",0.0405838690915419,"20231022_AL_HBSSbaf_pooled_PRM1","HBSS + ConA",TRUE,NA
"331","BNIP3L","BNIP3L ILLDAQHESGQSSSR","ILLDAQHESGQSSSR",0.045669002286345,"HBSSbaf_pooled_PRM4","HBSS + ConA",TRUE,NA
"332","BNIP3L","BNIP3L ILLDAQHESGQSSSR","ILLDAQHESGQSSSR",0.0409311973384971,"HBSSbaf_pooled_PRM3","HBSS + ConA",TRUE,NA
"333","BNIP3L","BNIP3L ILLDAQHESGQSSSR","ILLDAQHESGQSSSR",0.0388879358929407,"HBSSbaf_pooled_PRM2","HBSS + ConA",TRUE,NA
"334","BNIP3","BNIP3 ILLDAQHESGR","ILLDAQHESGR",0.0634956362464281,"HBSS_pooled_PRM3","HBSS",TRUE,NA
"335","BNIP3","BNIP3 ILLDAQHESGR","ILLDAQHESGR",0.0549817495913275,"HBSS_pooled_PRM2","HBSS",TRUE,NA
"336","BNIP3","BNIP3 ILLDAQHESGR","ILLDAQHESGR",0.0570448384593177,"HBSS_pooled_PRM1","HBSS",TRUE,NA
"337","BNIP3","BNIP3 ILLDAQHESGR","ILLDAQHESGR",0.0654971031747348,"20231022_AL_HBSSbaf_pooled_PRM1","HBSS + ConA",TRUE,NA
"338","BNIP3","BNIP3 ILLDAQHESGR","ILLDAQHESGR",0.0629046193709658,"HBSSbaf_pooled_PRM4","HBSS + ConA",TRUE,NA
"339","BNIP3","BNIP3 ILLDAQHESGR","ILLDAQHESGR",0.0582771212840439,"HBSSbaf_pooled_PRM3","HBSS + ConA",TRUE,NA
"340","BNIP3","BNIP3 ILLDAQHESGR","ILLDAQHESGR",0.0728501794978541,"HBSSbaf_pooled_PRM2","HBSS + ConA",TRUE,NA
"341","CCPG1","CCPG1 GELQQLSGSQLHGK","GELQQLSGSQLHGK",NA,"HBSS_pooled_PRM3","HBSS",FALSE,NA
"342","CCPG1","CCPG1 GELQQLSGSQLHGK","GELQQLSGSQLHGK",NA,"HBSS_pooled_PRM2","HBSS",FALSE,NA
"343","CCPG1","CCPG1 GELQQLSGSQLHGK","GELQQLSGSQLHGK",NA,"HBSS_pooled_PRM1","HBSS",FALSE,NA
"344","CCPG1","CCPG1 GELQQLSGSQLHGK","GELQQLSGSQLHGK",NA,"20231022_AL_HBSSbaf_pooled_PRM1","HBSS + ConA",FALSE,NA
"345","CCPG1","CCPG1 GELQQLSGSQLHGK","GELQQLSGSQLHGK",NA,"HBSSbaf_pooled_PRM4","HBSS + ConA",FALSE,NA
"346","CCPG1","CCPG1 GELQQLSGSQLHGK","GELQQLSGSQLHGK",NA,"HBSSbaf_pooled_PRM3","HBSS + ConA",FALSE,NA
"347","CCPG1","CCPG1 GELQQLSGSQLHGK","GELQQLSGSQLHGK",NA,"HBSSbaf_pooled_PRM2","HBSS + ConA",FALSE,NA
"348","NCOA4","NCOA4 DLELAIGGVLR","DLELAIGGVLR",NA,"HBSS_pooled_PRM3","HBSS",FALSE,NA
"349","NCOA4","NCOA4 DLELAIGGVLR","DLELAIGGVLR",NA,"HBSS_pooled_PRM2","HBSS",FALSE,NA
"350","NCOA4","NCOA4 DLELAIGGVLR","DLELAIGGVLR",NA,"HBSS_pooled_PRM1","HBSS",FALSE,NA
"351","NCOA4","NCOA4 DLELAIGGVLR","DLELAIGGVLR",NA,"20231022_AL_HBSSbaf_pooled_PRM1","HBSS + ConA",FALSE,NA
"352","NCOA4","NCOA4 DLELAIGGVLR","DLELAIGGVLR",NA,"HBSSbaf_pooled_PRM4","HBSS + ConA",FALSE,NA
"353","NCOA4","NCOA4 DLELAIGGVLR","DLELAIGGVLR",NA,"HBSSbaf_pooled_PRM3","HBSS + ConA",FALSE,NA
"354","NCOA4","NCOA4 DLELAIGGVLR","DLELAIGGVLR",NA,"HBSSbaf_pooled_PRM2","HBSS + ConA",FALSE,NA
"355","TOLLIP","TOLLIP GPVYIGELPQDFLR","GPVYIGELPQDFLR",1.26427293359987,"HBSS_pooled_PRM3","HBSS",TRUE,NA
"356","TOLLIP","TOLLIP GPVYIGELPQDFLR","GPVYIGELPQDFLR",1.18916390974715,"HBSS_pooled_PRM2","HBSS",TRUE,NA
"357","TOLLIP","TOLLIP GPVYIGELPQDFLR","GPVYIGELPQDFLR",1.2231967221544,"HBSS_pooled_PRM1","HBSS",TRUE,NA
"358","TOLLIP","TOLLIP GPVYIGELPQDFLR","GPVYIGELPQDFLR",1.23334639836842,"20231022_AL_HBSSbaf_pooled_PRM1","HBSS + ConA",TRUE,NA
"359","TOLLIP","TOLLIP GPVYIGELPQDFLR","GPVYIGELPQDFLR",1.20677749618699,"HBSSbaf_pooled_PRM4","HBSS + ConA",TRUE,NA
"360","TOLLIP","TOLLIP GPVYIGELPQDFLR","GPVYIGELPQDFLR",1.22682743627437,"HBSSbaf_pooled_PRM3","HBSS + ConA",TRUE,NA
"361","TOLLIP","TOLLIP GPVYIGELPQDFLR","GPVYIGELPQDFLR",1.22253224532772,"HBSSbaf_pooled_PRM2","HBSS + ConA",TRUE,NA
"362","TOLLIP","TOLLIP LGYAVYETPTAHNGAK","LGYAVYETPTAHNGAK",0.484627424051226,"HBSS_pooled_PRM3","HBSS",TRUE,NA
"363","TOLLIP","TOLLIP LGYAVYETPTAHNGAK","LGYAVYETPTAHNGAK",0.461994077690229,"HBSS_pooled_PRM2","HBSS",TRUE,NA
"364","TOLLIP","TOLLIP LGYAVYETPTAHNGAK","LGYAVYETPTAHNGAK",0.489780414827739,"HBSS_pooled_PRM1","HBSS",TRUE,NA
"365","TOLLIP","TOLLIP LGYAVYETPTAHNGAK","LGYAVYETPTAHNGAK",0.458352247801128,"20231022_AL_HBSSbaf_pooled_PRM1","HBSS + ConA",TRUE,NA
"366","TOLLIP","TOLLIP LGYAVYETPTAHNGAK","LGYAVYETPTAHNGAK",0.51194047253844,"HBSSbaf_pooled_PRM4","HBSS + ConA",TRUE,NA
"367","TOLLIP","TOLLIP LGYAVYETPTAHNGAK","LGYAVYETPTAHNGAK",0.495443001726731,"HBSSbaf_pooled_PRM3","HBSS + ConA",TRUE,NA
"368","TOLLIP","TOLLIP LGYAVYETPTAHNGAK","LGYAVYETPTAHNGAK",0.506595022678845,"HBSSbaf_pooled_PRM2","HBSS + ConA",TRUE,NA
"369","TOLLIP","TOLLIP IAWTHITIPESLR","IAWTHITIPESLR",NA,"HBSS_pooled_PRM3","HBSS",FALSE,NA
"370","TOLLIP","TOLLIP IAWTHITIPESLR","IAWTHITIPESLR",NA,"HBSS_pooled_PRM2","HBSS",FALSE,NA
"371","TOLLIP","TOLLIP IAWTHITIPESLR","IAWTHITIPESLR",NA,"HBSS_pooled_PRM1","HBSS",FALSE,NA
"372","TOLLIP","TOLLIP IAWTHITIPESLR","IAWTHITIPESLR",NA,"20231022_AL_HBSSbaf_pooled_PRM1","HBSS + ConA",FALSE,NA
"373","TOLLIP","TOLLIP IAWTHITIPESLR","IAWTHITIPESLR",NA,"HBSSbaf_pooled_PRM4","HBSS + ConA",FALSE,NA
"374","TOLLIP","TOLLIP IAWTHITIPESLR","IAWTHITIPESLR",NA,"HBSSbaf_pooled_PRM3","HBSS + ConA",FALSE,NA
"375","TOLLIP","TOLLIP IAWTHITIPESLR","IAWTHITIPESLR",NA,"HBSSbaf_pooled_PRM2","HBSS + ConA",FALSE,NA
"376","TNIP1","TNIP1 IYDPGGSVPSGEASAAFER","IYDPGGSVPSGEASAAFER",NA,"HBSS_pooled_PRM3","HBSS",FALSE,NA
"377","TNIP1","TNIP1 IYDPGGSVPSGEASAAFER","IYDPGGSVPSGEASAAFER",0.00286249631205214,"HBSS_pooled_PRM2","HBSS",TRUE,NA
"378","TNIP1","TNIP1 IYDPGGSVPSGEASAAFER","IYDPGGSVPSGEASAAFER",0.00290773505435928,"HBSS_pooled_PRM1","HBSS",TRUE,NA
"379","TNIP1","TNIP1 IYDPGGSVPSGEASAAFER","IYDPGGSVPSGEASAAFER",NA,"20231022_AL_HBSSbaf_pooled_PRM1","HBSS + ConA",FALSE,NA
"380","TNIP1","TNIP1 IYDPGGSVPSGEASAAFER","IYDPGGSVPSGEASAAFER",0.00388068693764655,"HBSSbaf_pooled_PRM4","HBSS + ConA",TRUE,NA
"381","TNIP1","TNIP1 IYDPGGSVPSGEASAAFER","IYDPGGSVPSGEASAAFER",0.00343925636494546,"HBSSbaf_pooled_PRM3","HBSS + ConA",TRUE,NA
"382","TNIP1","TNIP1 IYDPGGSVPSGEASAAFER","IYDPGGSVPSGEASAAFER",NA,"HBSSbaf_pooled_PRM2","HBSS + ConA",FALSE,NA
"383","TNIP1","TNIP1 LQAQVTLSNAQLK","LQAQVTLSNAQLK",0.290299376003095,"HBSS_pooled_PRM3","HBSS",TRUE,NA
"384","TNIP1","TNIP1 LQAQVTLSNAQLK","LQAQVTLSNAQLK",0.239396914015767,"HBSS_pooled_PRM2","HBSS",TRUE,NA
"385","TNIP1","TNIP1 LQAQVTLSNAQLK","LQAQVTLSNAQLK",0.269815816345827,"HBSS_pooled_PRM1","HBSS",TRUE,NA
"386","TNIP1","TNIP1 LQAQVTLSNAQLK","LQAQVTLSNAQLK",0.307825999766039,"20231022_AL_HBSSbaf_pooled_PRM1","HBSS + ConA",TRUE,NA
"387","TNIP1","TNIP1 LQAQVTLSNAQLK","LQAQVTLSNAQLK",0.308135816739556,"HBSSbaf_pooled_PRM4","HBSS + ConA",TRUE,NA
"388","TNIP1","TNIP1 LQAQVTLSNAQLK","LQAQVTLSNAQLK",0.280390816855291,"HBSSbaf_pooled_PRM3","HBSS + ConA",TRUE,NA
"389","TNIP1","TNIP1 LQAQVTLSNAQLK","LQAQVTLSNAQLK",0.278302407267779,"HBSSbaf_pooled_PRM2","HBSS + ConA",TRUE,NA
"390","TAX1BP1","TAX1BP1 AHQLEEDIVSVTHK","AHQLEEDIVSVTHK",0.0253987282669491,"HBSS_pooled_PRM3","HBSS",TRUE,NA
"391","TAX1BP1","TAX1BP1 AHQLEEDIVSVTHK","AHQLEEDIVSVTHK",0.0229229653454683,"HBSS_pooled_PRM2","HBSS",TRUE,NA
"392","TAX1BP1","TAX1BP1 AHQLEEDIVSVTHK","AHQLEEDIVSVTHK",0.0231650998018492,"HBSS_pooled_PRM1","HBSS",TRUE,NA
"393","TAX1BP1","TAX1BP1 AHQLEEDIVSVTHK","AHQLEEDIVSVTHK",0.0523551681151944,"20231022_AL_HBSSbaf_pooled_PRM1","HBSS + ConA",TRUE,NA
"394","TAX1BP1","TAX1BP1 AHQLEEDIVSVTHK","AHQLEEDIVSVTHK",0.0477386801628204,"HBSSbaf_pooled_PRM4","HBSS + ConA",TRUE,NA
"395","TAX1BP1","TAX1BP1 AHQLEEDIVSVTHK","AHQLEEDIVSVTHK",0.0488923585831539,"HBSSbaf_pooled_PRM3","HBSS + ConA",TRUE,NA
"396","TAX1BP1","TAX1BP1 AHQLEEDIVSVTHK","AHQLEEDIVSVTHK",0.0486293395877141,"HBSSbaf_pooled_PRM2","HBSS + ConA",TRUE,NA
"397","TAX1BP1","TAX1BP1 LSDQSANNNNVFTK","LSDQSANNNNVFTK",NA,"HBSS_pooled_PRM3","HBSS",FALSE,NA
"398","TAX1BP1","TAX1BP1 LSDQSANNNNVFTK","LSDQSANNNNVFTK",NA,"HBSS_pooled_PRM2","HBSS",FALSE,NA
"399","TAX1BP1","TAX1BP1 LSDQSANNNNVFTK","LSDQSANNNNVFTK",NA,"HBSS_pooled_PRM1","HBSS",FALSE,NA
"400","TAX1BP1","TAX1BP1 LSDQSANNNNVFTK","LSDQSANNNNVFTK",NA,"20231022_AL_HBSSbaf_pooled_PRM1","HBSS + ConA",FALSE,NA
"401","TAX1BP1","TAX1BP1 LSDQSANNNNVFTK","LSDQSANNNNVFTK",0.155570159535896,"HBSSbaf_pooled_PRM4","HBSS + ConA",TRUE,NA
"402","TAX1BP1","TAX1BP1 LSDQSANNNNVFTK","LSDQSANNNNVFTK",0.148877237895022,"HBSSbaf_pooled_PRM3","HBSS + ConA",TRUE,NA
"403","TAX1BP1","TAX1BP1 LSDQSANNNNVFTK","LSDQSANNNNVFTK",0.133713504004228,"HBSSbaf_pooled_PRM2","HBSS + ConA",TRUE,NA
"404","WBP2","WBP2 QPVFGANYIK","QPVFGANYIK",4.71888453383024,"HBSS_pooled_PRM3","HBSS",TRUE,NA
"405","WBP2","WBP2 QPVFGANYIK","QPVFGANYIK",4.53577087650195,"HBSS_pooled_PRM2","HBSS",TRUE,NA
"406","WBP2","WBP2 QPVFGANYIK","QPVFGANYIK",4.28933496618923,"HBSS_pooled_PRM1","HBSS",TRUE,NA
"407","WBP2","WBP2 QPVFGANYIK","QPVFGANYIK",4.79685239411581,"20231022_AL_HBSSbaf_pooled_PRM1","HBSS + ConA",TRUE,NA
"408","WBP2","WBP2 QPVFGANYIK","QPVFGANYIK",4.43401059045614,"HBSSbaf_pooled_PRM4","HBSS + ConA",TRUE,NA
"409","WBP2","WBP2 QPVFGANYIK","QPVFGANYIK",4.48272873830105,"HBSSbaf_pooled_PRM3","HBSS + ConA",TRUE,NA
"410","WBP2","WBP2 QPVFGANYIK","QPVFGANYIK",4.88133183952603,"HBSSbaf_pooled_PRM2","HBSS + ConA",TRUE,NA
"411","WDFY3","WDFY3 SEGVVPSPVSLVPEEK","SEGVVPSPVSLVPEEK",0.00156964285372162,"HBSS_pooled_PRM3","HBSS",TRUE,NA
"412","WDFY3","WDFY3 SEGVVPSPVSLVPEEK","SEGVVPSPVSLVPEEK",0.0016855631203991,"HBSS_pooled_PRM2","HBSS",TRUE,NA
"413","WDFY3","WDFY3 SEGVVPSPVSLVPEEK","SEGVVPSPVSLVPEEK",0.0014975946087326,"HBSS_pooled_PRM1","HBSS",TRUE,NA
"414","WDFY3","WDFY3 SEGVVPSPVSLVPEEK","SEGVVPSPVSLVPEEK",0.00169679784066154,"20231022_AL_HBSSbaf_pooled_PRM1","HBSS + ConA",TRUE,NA
"415","WDFY3","WDFY3 SEGVVPSPVSLVPEEK","SEGVVPSPVSLVPEEK",0.00183821350353505,"HBSSbaf_pooled_PRM4","HBSS + ConA",TRUE,NA
"416","WDFY3","WDFY3 SEGVVPSPVSLVPEEK","SEGVVPSPVSLVPEEK",0.00165547808175264,"HBSSbaf_pooled_PRM3","HBSS + ConA",TRUE,NA
"417","WDFY3","WDFY3 SEGVVPSPVSLVPEEK","SEGVVPSPVSLVPEEK",0.00190256291229911,"HBSSbaf_pooled_PRM2","HBSS + ConA",TRUE,NA
"418","ATG13","ATG13 SSSSPTGSDWFNLAIK","SSSSPTGSDWFNLAIK",NA,"HBSS_pooled_PRM3","HBSS",FALSE,NA
"419","ATG13","ATG13 SSSSPTGSDWFNLAIK","SSSSPTGSDWFNLAIK",NA,"HBSS_pooled_PRM2","HBSS",FALSE,NA
"420","ATG13","ATG13 SSSSPTGSDWFNLAIK","SSSSPTGSDWFNLAIK",NA,"HBSS_pooled_PRM1","HBSS",FALSE,NA
"421","ATG13","ATG13 SSSSPTGSDWFNLAIK","SSSSPTGSDWFNLAIK",NA,"20231022_AL_HBSSbaf_pooled_PRM1","HBSS + ConA",FALSE,NA
"422","ATG13","ATG13 SSSSPTGSDWFNLAIK","SSSSPTGSDWFNLAIK",NA,"HBSSbaf_pooled_PRM4","HBSS + ConA",FALSE,NA
"423","ATG13","ATG13 SSSSPTGSDWFNLAIK","SSSSPTGSDWFNLAIK",NA,"HBSSbaf_pooled_PRM3","HBSS + ConA",FALSE,NA
"424","ATG13","ATG13 SSSSPTGSDWFNLAIK","SSSSPTGSDWFNLAIK",NA,"HBSSbaf_pooled_PRM2","HBSS + ConA",FALSE,NA
"425","ATG13","ATG13 EGGVPLAPNQPVHGTQADQER","EGGVPLAPNQPVHGTQADQER",0.146394229451398,"HBSS_pooled_PRM3","HBSS",TRUE,NA
"426","ATG13","ATG13 EGGVPLAPNQPVHGTQADQER","EGGVPLAPNQPVHGTQADQER",0.149438091009638,"HBSS_pooled_PRM2","HBSS",TRUE,NA
"427","ATG13","ATG13 EGGVPLAPNQPVHGTQADQER","EGGVPLAPNQPVHGTQADQER",0.143378235502469,"HBSS_pooled_PRM1","HBSS",TRUE,NA
"428","ATG13","ATG13 EGGVPLAPNQPVHGTQADQER","EGGVPLAPNQPVHGTQADQER",0.155940686673785,"20231022_AL_HBSSbaf_pooled_PRM1","HBSS + ConA",TRUE,NA
"429","ATG13","ATG13 EGGVPLAPNQPVHGTQADQER","EGGVPLAPNQPVHGTQADQER",0.157055179850885,"HBSSbaf_pooled_PRM4","HBSS + ConA",TRUE,NA
"430","ATG13","ATG13 EGGVPLAPNQPVHGTQADQER","EGGVPLAPNQPVHGTQADQER",0.143157454958117,"HBSSbaf_pooled_PRM3","HBSS + ConA",TRUE,NA
"431","ATG13","ATG13 EGGVPLAPNQPVHGTQADQER","EGGVPLAPNQPVHGTQADQER",0.140957863337206,"HBSSbaf_pooled_PRM2","HBSS + ConA",TRUE,NA
"432","RTN3","RTN3 VEGIYTYSLSPSK","VEGIYTYSLSPSK",0.0055216812561235,"HBSS_pooled_PRM3","HBSS",TRUE,NA
"433","RTN3","RTN3 VEGIYTYSLSPSK","VEGIYTYSLSPSK",0.00570320141792458,"HBSS_pooled_PRM2","HBSS",TRUE,NA
"434","RTN3","RTN3 VEGIYTYSLSPSK","VEGIYTYSLSPSK",0.00576995008091167,"HBSS_pooled_PRM1","HBSS",TRUE,NA
"435","RTN3","RTN3 VEGIYTYSLSPSK","VEGIYTYSLSPSK",0.0059639630084968,"20231022_AL_HBSSbaf_pooled_PRM1","HBSS + ConA",TRUE,NA
"436","RTN3","RTN3 VEGIYTYSLSPSK","VEGIYTYSLSPSK",0.00574264920050194,"HBSSbaf_pooled_PRM4","HBSS + ConA",TRUE,NA
"437","RTN3","RTN3 VEGIYTYSLSPSK","VEGIYTYSLSPSK",0.00575095852700359,"HBSSbaf_pooled_PRM3","HBSS + ConA",TRUE,NA
"438","RTN3","RTN3 VEGIYTYSLSPSK","VEGIYTYSLSPSK",0.00618134175930616,"HBSSbaf_pooled_PRM2","HBSS + ConA",TRUE,NA
"439","RTN3","RTN3 TTPPVEVLHENESGGSEIK","TTPPVEVLHENESGGSEIK",0.0588675980795017,"HBSS_pooled_PRM3","HBSS",TRUE,NA
"440","RTN3","RTN3 TTPPVEVLHENESGGSEIK","TTPPVEVLHENESGGSEIK",0.0623265940638515,"HBSS_pooled_PRM2","HBSS",TRUE,NA
"441","RTN3","RTN3 TTPPVEVLHENESGGSEIK","TTPPVEVLHENESGGSEIK",0.0648114402475892,"HBSS_pooled_PRM1","HBSS",TRUE,NA
"442","RTN3","RTN3 TTPPVEVLHENESGGSEIK","TTPPVEVLHENESGGSEIK",0.0447718293587896,"20231022_AL_HBSSbaf_pooled_PRM1","HBSS + ConA",TRUE,NA
"443","RTN3","RTN3 TTPPVEVLHENESGGSEIK","TTPPVEVLHENESGGSEIK",NA,"HBSSbaf_pooled_PRM4","HBSS + ConA",FALSE,NA
"444","RTN3","RTN3 TTPPVEVLHENESGGSEIK","TTPPVEVLHENESGGSEIK",0.0546992558729888,"HBSSbaf_pooled_PRM3","HBSS + ConA",TRUE,NA
"445","RTN3","RTN3 TTPPVEVLHENESGGSEIK","TTPPVEVLHENESGGSEIK",0.0664413910126149,"HBSSbaf_pooled_PRM2","HBSS + ConA",TRUE,NA
"446","FKBP8","FKBP8 ADFVLAANSYDLAIK","ADFVLAANSYDLAIK",5.8828532605877,"HBSS_pooled_PRM3","HBSS",TRUE,NA
"447","FKBP8","FKBP8 ADFVLAANSYDLAIK","ADFVLAANSYDLAIK",6.23807991763722,"HBSS_pooled_PRM2","HBSS",TRUE,NA
"448","FKBP8","FKBP8 ADFVLAANSYDLAIK","ADFVLAANSYDLAIK",5.07784070369924,"HBSS_pooled_PRM1","HBSS",TRUE,NA
"449","FKBP8","FKBP8 ADFVLAANSYDLAIK","ADFVLAANSYDLAIK",6.31888297053481,"20231022_AL_HBSSbaf_pooled_PRM1","HBSS + ConA",TRUE,NA
"450","FKBP8","FKBP8 ADFVLAANSYDLAIK","ADFVLAANSYDLAIK",6.41071505260898,"HBSSbaf_pooled_PRM4","HBSS + ConA",TRUE,NA
"451","FKBP8","FKBP8 ADFVLAANSYDLAIK","ADFVLAANSYDLAIK",6.24477629700143,"HBSSbaf_pooled_PRM3","HBSS + ConA",TRUE,NA
"452","FKBP8","FKBP8 ADFVLAANSYDLAIK","ADFVLAANSYDLAIK",7.06096989158698,"HBSSbaf_pooled_PRM2","HBSS + ConA",TRUE,NA
"453","FKBP8","FKBP8 VLAQQGEYSEAIPILR","VLAQQGEYSEAIPILR",1.70363442386415,"HBSS_pooled_PRM3","HBSS",TRUE,NA
"454","FKBP8","FKBP8 VLAQQGEYSEAIPILR","VLAQQGEYSEAIPILR",1.7857967415133,"HBSS_pooled_PRM2","HBSS",TRUE,NA
"455","FKBP8","FKBP8 VLAQQGEYSEAIPILR","VLAQQGEYSEAIPILR",1.73073575254758,"HBSS_pooled_PRM1","HBSS",TRUE,NA
"456","FKBP8","FKBP8 VLAQQGEYSEAIPILR","VLAQQGEYSEAIPILR",1.70536358479475,"20231022_AL_HBSSbaf_pooled_PRM1","HBSS + ConA",TRUE,NA
"457","FKBP8","FKBP8 VLAQQGEYSEAIPILR","VLAQQGEYSEAIPILR",1.5994834557894,"HBSSbaf_pooled_PRM4","HBSS + ConA",TRUE,NA
"458","FKBP8","FKBP8 VLAQQGEYSEAIPILR","VLAQQGEYSEAIPILR",1.64291121727099,"HBSSbaf_pooled_PRM3","HBSS + ConA",TRUE,NA
"459","FKBP8","FKBP8 VLAQQGEYSEAIPILR","VLAQQGEYSEAIPILR",1.69659886596926,"HBSSbaf_pooled_PRM2","HBSS + ConA",TRUE,NA
"460","GABARAPL2","GABARAPL2 VSGSQIVDIDK","VSGSQIVDIDK",0.0385077960468393,"HBSS_pooled_PRM3","HBSS",TRUE,NA
"461","GABARAPL2","GABARAPL2 VSGSQIVDIDK","VSGSQIVDIDK",0.0412198900732449,"HBSS_pooled_PRM2","HBSS",TRUE,NA
"462","GABARAPL2","GABARAPL2 VSGSQIVDIDK","VSGSQIVDIDK",0.0404543856713091,"HBSS_pooled_PRM1","HBSS",TRUE,NA
"463","GABARAPL2","GABARAPL2 VSGSQIVDIDK","VSGSQIVDIDK",0.126163446986123,"20231022_AL_HBSSbaf_pooled_PRM1","HBSS + ConA",TRUE,NA
"464","GABARAPL2","GABARAPL2 VSGSQIVDIDK","VSGSQIVDIDK",0.129955954738374,"HBSSbaf_pooled_PRM4","HBSS + ConA",TRUE,NA
"465","GABARAPL2","GABARAPL2 VSGSQIVDIDK","VSGSQIVDIDK",0.123986102997848,"HBSSbaf_pooled_PRM3","HBSS + ConA",TRUE,NA
"466","GABARAPL2","GABARAPL2 VSGSQIVDIDK","VSGSQIVDIDK",0.13180303251357,"HBSSbaf_pooled_PRM2","HBSS + ConA",TRUE,NA
"467","AMBRA1","AMBRA1 WLPEPGLGLAYGTNK","WLPEPGLGLAYGTNK",NA,"HBSS_pooled_PRM3","HBSS",FALSE,NA
"468","AMBRA1","AMBRA1 WLPEPGLGLAYGTNK","WLPEPGLGLAYGTNK",NA,"HBSS_pooled_PRM2","HBSS",FALSE,NA
"469","AMBRA1","AMBRA1 WLPEPGLGLAYGTNK","WLPEPGLGLAYGTNK",NA,"HBSS_pooled_PRM1","HBSS",FALSE,NA
"470","AMBRA1","AMBRA1 WLPEPGLGLAYGTNK","WLPEPGLGLAYGTNK",NA,"20231022_AL_HBSSbaf_pooled_PRM1","HBSS + ConA",FALSE,NA
"471","AMBRA1","AMBRA1 WLPEPGLGLAYGTNK","WLPEPGLGLAYGTNK",0.0765171271302826,"HBSSbaf_pooled_PRM4","HBSS + ConA",TRUE,NA
"472","AMBRA1","AMBRA1 WLPEPGLGLAYGTNK","WLPEPGLGLAYGTNK",NA,"HBSSbaf_pooled_PRM3","HBSS + ConA",FALSE,NA
"473","AMBRA1","AMBRA1 WLPEPGLGLAYGTNK","WLPEPGLGLAYGTNK",NA,"HBSSbaf_pooled_PRM2","HBSS + ConA",FALSE,NA
"474","PNPLA2","PNPLA2 VSDGENVIISHFNSK","VSDGENVIISHFNSK",0.20206706307156,"HBSS_pooled_PRM3","HBSS",TRUE,NA
"475","PNPLA2","PNPLA2 VSDGENVIISHFNSK","VSDGENVIISHFNSK",0.194201943145563,"HBSS_pooled_PRM2","HBSS",TRUE,NA
"476","PNPLA2","PNPLA2 VSDGENVIISHFNSK","VSDGENVIISHFNSK",0.178143318008074,"HBSS_pooled_PRM1","HBSS",TRUE,NA
"477","PNPLA2","PNPLA2 VSDGENVIISHFNSK","VSDGENVIISHFNSK",0.207020585890292,"20231022_AL_HBSSbaf_pooled_PRM1","HBSS + ConA",TRUE,NA
"478","PNPLA2","PNPLA2 VSDGENVIISHFNSK","VSDGENVIISHFNSK",0.154452023481828,"HBSSbaf_pooled_PRM4","HBSS + ConA",TRUE,NA
"479","PNPLA2","PNPLA2 VSDGENVIISHFNSK","VSDGENVIISHFNSK",0.280794234663114,"HBSSbaf_pooled_PRM3","HBSS + ConA",TRUE,NA
"480","PNPLA2","PNPLA2 VSDGENVIISHFNSK","VSDGENVIISHFNSK",NA,"HBSSbaf_pooled_PRM2","HBSS + ConA",FALSE,NA
"481","PNPLA2","PNPLA2 YVDGGISDNLPLYELK","YVDGGISDNLPLYELK",0.178725355341586,"HBSS_pooled_PRM3","HBSS",TRUE,NA
"482","PNPLA2","PNPLA2 YVDGGISDNLPLYELK","YVDGGISDNLPLYELK",0.203914713452918,"HBSS_pooled_PRM2","HBSS",TRUE,NA
"483","PNPLA2","PNPLA2 YVDGGISDNLPLYELK","YVDGGISDNLPLYELK",0.185552657205095,"HBSS_pooled_PRM1","HBSS",TRUE,NA
"484","PNPLA2","PNPLA2 YVDGGISDNLPLYELK","YVDGGISDNLPLYELK",NA,"20231022_AL_HBSSbaf_pooled_PRM1","HBSS + ConA",FALSE,NA
"485","PNPLA2","PNPLA2 YVDGGISDNLPLYELK","YVDGGISDNLPLYELK",0.187597794696771,"HBSSbaf_pooled_PRM4","HBSS + ConA",TRUE,NA
"486","PNPLA2","PNPLA2 YVDGGISDNLPLYELK","YVDGGISDNLPLYELK",0.156985463663033,"HBSSbaf_pooled_PRM3","HBSS + ConA",TRUE,NA
"487","PNPLA2","PNPLA2 YVDGGISDNLPLYELK","YVDGGISDNLPLYELK",0.158016234865346,"HBSSbaf_pooled_PRM2","HBSS + ConA",TRUE,NA
"488","PHB2","PHB2 LLLGAGAVAYGVR","LLLGAGAVAYGVR",3.33211241141962,"HBSS_pooled_PRM3","HBSS",TRUE,NA
"489","PHB2","PHB2 LLLGAGAVAYGVR","LLLGAGAVAYGVR",3.3859240617444,"HBSS_pooled_PRM2","HBSS",TRUE,NA
"490","PHB2","PHB2 LLLGAGAVAYGVR","LLLGAGAVAYGVR",3.40539216309442,"HBSS_pooled_PRM1","HBSS",TRUE,NA
"491","PHB2","PHB2 LLLGAGAVAYGVR","LLLGAGAVAYGVR",3.52530660037806,"20231022_AL_HBSSbaf_pooled_PRM1","HBSS + ConA",TRUE,NA
"492","PHB2","PHB2 LLLGAGAVAYGVR","LLLGAGAVAYGVR",3.64586069764127,"HBSSbaf_pooled_PRM4","HBSS + ConA",TRUE,NA
"493","PHB2","PHB2 LLLGAGAVAYGVR","LLLGAGAVAYGVR",3.50914635882783,"HBSSbaf_pooled_PRM3","HBSS + ConA",TRUE,NA
"494","PHB2","PHB2 LLLGAGAVAYGVR","LLLGAGAVAYGVR",3.50784569953524,"HBSSbaf_pooled_PRM2","HBSS + ConA",TRUE,NA
"495","PHB2","PHB2 IGGVQQDTILAEGLHFR","IGGVQQDTILAEGLHFR",7.96478351416813,"HBSS_pooled_PRM3","HBSS",TRUE,NA
"496","PHB2","PHB2 IGGVQQDTILAEGLHFR","IGGVQQDTILAEGLHFR",7.91541700926937,"HBSS_pooled_PRM2","HBSS",TRUE,NA
"497","PHB2","PHB2 IGGVQQDTILAEGLHFR","IGGVQQDTILAEGLHFR",8.06470662473154,"HBSS_pooled_PRM1","HBSS",TRUE,NA
"498","PHB2","PHB2 IGGVQQDTILAEGLHFR","IGGVQQDTILAEGLHFR",7.69703761014254,"20231022_AL_HBSSbaf_pooled_PRM1","HBSS + ConA",TRUE,NA
"499","PHB2","PHB2 IGGVQQDTILAEGLHFR","IGGVQQDTILAEGLHFR",7.70417416871234,"HBSSbaf_pooled_PRM4","HBSS + ConA",TRUE,NA
"500","PHB2","PHB2 IGGVQQDTILAEGLHFR","IGGVQQDTILAEGLHFR",7.81440916122244,"HBSSbaf_pooled_PRM3","HBSS + ConA",TRUE,NA
"501","PHB2","PHB2 IGGVQQDTILAEGLHFR","IGGVQQDTILAEGLHFR",8.24114455108782,"HBSSbaf_pooled_PRM2","HBSS + ConA",TRUE,NA
"502","PHB2","PHB2 IVQAEGEAEAAK","IVQAEGEAEAAK",0.933411124572057,"HBSS_pooled_PRM3","HBSS",TRUE,NA
"503","PHB2","PHB2 IVQAEGEAEAAK","IVQAEGEAEAAK",0.958416515587189,"HBSS_pooled_PRM2","HBSS",TRUE,NA
"504","PHB2","PHB2 IVQAEGEAEAAK","IVQAEGEAEAAK",0.943952774205489,"HBSS_pooled_PRM1","HBSS",TRUE,NA
"505","PHB2","PHB2 IVQAEGEAEAAK","IVQAEGEAEAAK",0.968436754861795,"20231022_AL_HBSSbaf_pooled_PRM1","HBSS + ConA",TRUE,NA
"506","PHB2","PHB2 IVQAEGEAEAAK","IVQAEGEAEAAK",0.9562806580628,"HBSSbaf_pooled_PRM4","HBSS + ConA",TRUE,NA
"507","PHB2","PHB2 IVQAEGEAEAAK","IVQAEGEAEAAK",0.928860279055909,"HBSSbaf_pooled_PRM3","HBSS + ConA",TRUE,NA
"508","PHB2","PHB2 IVQAEGEAEAAK","IVQAEGEAEAAK",0.947180269789117,"HBSSbaf_pooled_PRM2","HBSS + ConA",TRUE,NA
